9.094176441431045532e-02	5.299216136336326599e-02	-2.090256214141845703e-01	-2.364653944969177246e-01	1.003733277320861816e-01	-1.805562525987625122e-02	2.089839875698089600e-01	-4.067416489124298096e-02	-1.190332137048244476e-02	-9.207040071487426758e-02	-4.550898447632789612e-02	2.647381648421287537e-02	6.364862783811986446e-04	1.143432408571243286e-01	-1.564370393753051758e-01	8.861704170703887939e-02	1.399666368961334229e-01	1.986559331417083740e-01	-1.011455953121185303e-01	1.259610801935195923e-01	-6.597281247377395630e-02	-1.233162358403205872e-01	-1.080466657876968384e-01	-2.317332848906517029e-02	-1.017825379967689514e-01	2.219669818878173828e-01	-1.653984040021896362e-01	-1.996089816093444824e-01	8.127476274967193604e-02	-2.174639701843261719e-01	-9.434968233108520508e-02	-1.213065534830093384e-01	-1.028896644711494446e-01	2.526664733886718750e-01	1.010853350162506104e-01	4.319369047880172729e-02	-2.653943747282028198e-02	2.169978618621826172e-02	-1.824505925178527832e-01	1.818147301673889160e-01	-8.544096350669860840e-02	7.551500573754310608e-03	-3.832205384969711304e-02	2.311358973383903503e-02	-2.099775522947311401e-01	-7.762198150157928467e-02	1.761475652456283569e-01	-3.676542267203330994e-02	-1.616670936346054077e-02	1.197320967912673950e-01	-8.418028056621551514e-02	-4.419906064867973328e-02	-9.908421337604522705e-02	2.635335922241210938e-01	2.078343182802200317e-02	-1.363757438957691193e-02	2.892588265240192413e-03	1.219257712364196777e-01	-1.099658608436584473e-01	1.893388628959655762e-01	2.152223326265811920e-02	-7.751574367284774780e-02	-1.053944379091262817e-01	1.117588803172111511e-01
7.700636237859725952e-02	-1.338306367397308350e-01	-1.057349517941474915e-01	1.783883199095726013e-02	-2.279118075966835022e-02	-6.089913845062255859e-02	-5.602568387985229492e-02	1.706587374210357666e-01	-1.727488338947296143e-01	-1.012119576334953308e-01	6.776503473520278931e-02	-1.432161033153533936e-01	2.626810409128665924e-02	-5.571779794991016388e-03	1.167877763509750366e-02	6.493684649467468262e-02	-7.667234539985656738e-02	4.705154523253440857e-02	1.660361289978027344e-01	1.906962692737579346e-01	-4.131218045949935913e-02	-9.827090054750442505e-02	1.355746984481811523e-01	-3.309834748506546021e-02	2.948267459869384766e-01	2.180684953927993774e-01	-1.171101033687591553e-01	-8.139269426465034485e-03	-1.994604021310806274e-01	-3.696575015783309937e-02	-8.556544780731201172e-02	9.530091285705566406e-02	4.291584249585866928e-03	-1.905714571475982666e-01	-2.213510498404502869e-02	2.859255671501159668e-02	4.577822983264923096e-02	-4.997496027499437332e-03	-8.469068445265293121e-03	-9.672399610280990601e-02	8.541567623615264893e-02	-9.108596295118331909e-02	-1.751378476619720459e-01	1.612203419208526611e-01	-1.196316182613372803e-01	-1.079580187797546387e-01	2.738411724567413330e-01	-3.682284951210021973e-01	-5.438970029354095459e-02	-1.222489178180694580e-01	5.217871814966201782e-02	-1.550689041614532471e-01	-1.427214890718460083e-01	6.049718707799911499e-02	6.536307185888290405e-02	1.546484678983688354e-01	-1.485144495964050293e-01	-8.574798703193664551e-02	5.322778970003128052e-02	-1.402247697114944458e-03	3.851136565208435059e-02	-1.380407363176345825e-01	7.322260737419128418e-02	1.055589504539966583e-02
-2.130336761474609375e-01	-9.849434345960617065e-02	-5.946339666843414307e-02	-5.358602479100227356e-02	2.954607307910919189e-01	6.121380254626274109e-02	-1.240347474813461304e-01	-2.287036329507827759e-01	-2.294280007481575012e-02	-3.082598373293876648e-02	-9.229917079210281372e-02	-1.192311495542526245e-01	1.143227070569992065e-01	6.898243725299835205e-02	8.047009259462356567e-02	-1.632296442985534668e-01	3.199062496423721313e-02	5.422645062208175659e-02	-1.156953722238540649e-01	1.423025280237197876e-01	6.855082511901855469e-02	1.707674115896224976e-01	-3.456258475780487061e-01	-1.011927872896194458e-01	-1.379563938826322556e-02	1.091773509979248047e-01	2.881709299981594086e-02	7.057341746985912323e-03	1.128504704684019089e-02	-8.904286473989486694e-02	8.364804834127426147e-02	9.824611991643905640e-02	-4.755484312772750854e-02	3.206857666373252869e-02	1.606536954641342163e-01	-2.951283752918243408e-02	5.374248325824737549e-02	1.742812097072601318e-01	-1.017859801650047302e-01	7.577705383300781250e-02	2.498757243156433105e-01	9.135910868644714355e-02	1.147735565900802612e-01	-6.576154381036758423e-02	1.519143283367156982e-01	-2.515388131141662598e-01	-3.951560705900192261e-02	1.597333401441574097e-01	8.453107625246047974e-02	8.878388255834579468e-02	6.967392563819885254e-02	-1.727807149291038513e-02	-1.700387299060821533e-01	1.081611216068267822e-01	1.305146217346191406e-01	-1.088851988315582275e-01	-4.548910632729530334e-02	5.634592846035957336e-02	-3.858400136232376099e-02	-1.635107249021530151e-01	7.479231059551239014e-02	1.101839020848274231e-01	-1.117169111967086792e-01	1.331323236227035522e-01
1.760208010673522949e-01	6.452902406454086304e-02	-1.072374805808067322e-01	4.476591572165489197e-02	-8.391185663640499115e-03	3.683953732252120972e-02	-6.986027583479881287e-04	1.273325979709625244e-01	2.152154594659805298e-01	-5.694366991519927979e-03	-7.164923846721649170e-02	-1.451123356819152832e-01	1.364244669675827026e-01	-9.922523796558380127e-02	-2.574323415756225586e-01	-3.230553865432739258e-02	1.688043326139450073e-01	2.762584984302520752e-01	-1.547854673117399216e-02	-2.448107898235321045e-01	-2.961523272097110748e-02	1.025495976209640503e-01	-1.110443025827407837e-01	-1.496444791555404663e-01	4.823458939790725708e-02	5.975157022476196289e-02	1.868463866412639618e-02	8.091948181390762329e-02	2.606152892112731934e-01	1.162846386432647705e-02	-4.371795803308486938e-02	-9.084832668304443359e-02	4.212162457406520844e-03	1.235788315534591675e-01	-6.413061916828155518e-02	-5.149973928928375244e-02	-1.408839374780654907e-01	7.362442463636398315e-02	-1.003635972738265991e-01	1.629169434309005737e-01	-2.139724344015121460e-01	8.519198745489120483e-02	-1.121903955936431885e-01	-9.906832873821258545e-02	-1.109409779310226440e-01	1.746653616428375244e-01	1.406777650117874146e-01	-9.263363480567932129e-02	2.499579638242721558e-02	1.923790574073791504e-01	8.383149653673171997e-02	-2.960998192429542542e-02	-2.680154331028461456e-02	-7.272975891828536987e-02	-5.190495867282152176e-03	2.717967703938484192e-02	-4.468957334756851196e-02	8.107266575098037720e-02	3.463667351752519608e-03	-2.513033896684646606e-02	-1.435063183307647705e-01	7.389100641012191772e-02	1.133132576942443848e-01	2.582180500030517578e-01
-7.093519717454910278e-02	-1.060021221637725830e-01	-2.435328066349029541e-02	1.675300300121307373e-01	8.441961556673049927e-02	1.097383424639701843e-01	-7.219687104225158691e-04	1.840128451585769653e-01	8.537852019071578979e-02	-4.430627077817916870e-02	-3.498064354062080383e-02	-2.763502672314643860e-02	1.842792704701423645e-02	6.422242522239685059e-02	-1.707102544605731964e-02	1.858143359422683716e-01	7.931573688983917236e-02	4.323966801166534424e-02	-3.444541394710540771e-01	-1.240102946758270264e-01	1.139373108744621277e-01	-1.419791281223297119e-01	2.184478044509887695e-01	6.606929749250411987e-02	1.160930395126342773e-01	-1.228149384260177612e-01	-1.282544583082199097e-01	-6.122271716594696045e-02	2.195533066987991333e-01	7.986566983163356781e-03	1.759162521921098232e-03	-8.860363066196441650e-02	1.832213103771209717e-01	4.056680202484130859e-02	-1.126173138618469238e-01	1.807509809732437134e-01	7.425544410943984985e-02	-2.880421876907348633e-01	-2.952946349978446960e-02	8.860668540000915527e-02	5.387584120035171509e-02	1.078705042600631714e-01	6.637573242187500000e-02	-1.776781380176544189e-01	-3.932704031467437744e-02	-3.233025223016738892e-02	-5.552152544260025024e-02	1.562843024730682373e-01	1.382025927305221558e-01	1.583153903484344482e-01	-1.145583391189575195e-01	-1.786787807941436768e-01	-1.231619194149971008e-01	-2.356994599103927612e-01	4.967921227216720581e-02	-2.675451710820198059e-02	1.031722314655780792e-02	4.927420988678932190e-02	1.338231563568115234e-01	-2.218190021812915802e-02	-1.059276536107063293e-01	-1.769541651010513306e-01	5.543438252061605453e-03	9.802268445491790771e-02
9.444998204708099365e-02	-2.944988757371902466e-02	-6.679325550794601440e-02	-5.442975088953971863e-02	1.694532670080661774e-02	-2.523098289966583252e-01	3.256762772798538208e-02	-7.398362457752227783e-02	1.322155296802520752e-01	3.720778226852416992e-02	-1.429216861724853516e-01	-5.698578059673309326e-02	1.970511972904205322e-01	-1.188052631914615631e-02	5.677560716867446899e-02	-1.280310153961181641e-01	1.539143025875091553e-01	6.906711310148239136e-02	1.964345425367355347e-01	-5.992120876908302307e-02	2.585833072662353516e-01	3.057121634483337402e-01	-1.371188759803771973e-01	-1.133487448096275330e-01	-8.377637714147567749e-02	1.338703036308288574e-01	1.006588488817214966e-01	-2.554032206535339355e-01	1.142495945096015930e-01	2.026112750172615051e-02	1.138505637645721436e-01	8.965303003787994385e-02	1.287118196487426758e-01	-2.983403392136096954e-02	6.060076132416725159e-02	-1.135006025433540344e-01	-5.980921909213066101e-03	-9.311934001743793488e-03	-2.767990827560424805e-01	-1.445819437503814697e-01	-3.942646086215972900e-02	1.263779997825622559e-01	-7.250538468360900879e-02	-3.504925221204757690e-02	2.227286249399185181e-01	6.400386989116668701e-02	-8.670803159475326538e-02	9.992316365242004395e-02	1.599436402320861816e-01	7.213297486305236816e-02	-1.464593224227428436e-02	3.017093241214752197e-02	7.667357474565505981e-02	7.332793623208999634e-02	5.901484191417694092e-02	-6.269622594118118286e-02	2.381224185228347778e-02	2.029563635587692261e-01	7.322320342063903809e-02	-1.458463841117918491e-03	1.363520622253417969e-01	1.756847649812698364e-01	-8.705897629261016846e-02	1.021743342280387878e-01
-9.852664917707443237e-02	7.699273526668548584e-03	-3.399096429347991943e-02	-1.115442998707294464e-02	3.148532658815383911e-02	-4.955451190471649170e-02	1.525506824254989624e-01	-1.369119882583618164e-01	-2.873986214399337769e-02	7.746071368455886841e-02	-2.517498731613159180e-01	-1.030296534299850464e-01	1.111217886209487915e-01	-1.030922383069992065e-01	-1.132348645478487015e-02	-1.007989868521690369e-01	1.992813684046268463e-02	2.056314051151275635e-01	8.638296276330947876e-02	-1.334358751773834229e-01	2.806986570358276367e-01	9.205164015293121338e-02	-1.277517974376678467e-01	-1.565743535757064819e-01	-2.139431238174438477e-01	-5.034501478075981140e-02	-1.267398297786712646e-01	2.962370961904525757e-02	1.393683254718780518e-01	-9.437590092420578003e-02	-2.038523405790328979e-01	-3.410198260098695755e-04	1.471667140722274780e-01	-1.175095289945602417e-01	1.291840374469757080e-01	-1.618314087390899658e-01	2.386874407529830933e-01	6.979838944971561432e-03	-4.007425904273986816e-02	-7.413169369101524353e-04	2.032033056020736694e-01	3.897918015718460083e-02	1.581970453262329102e-01	-1.264775097370147705e-01	1.703943461179733276e-01	-1.506953686475753784e-01	5.437658354640007019e-02	1.847238391637802124e-01	1.854406446218490601e-01	-5.802121013402938843e-02	1.811947822570800781e-01	5.716115236282348633e-02	3.165192902088165283e-02	-6.079877912998199463e-02	4.485314339399337769e-02	-1.492011100053787231e-01	-6.511498242616653442e-02	1.302976608276367188e-01	-4.810371249914169312e-02	-1.726809740066528320e-01	-1.767464168369770050e-02	3.360577672719955444e-02	-1.532914116978645325e-03	-7.157370913773775101e-03
1.432563662528991699e-01	-4.939559847116470337e-02	-7.762566953897476196e-02	5.500724911689758301e-02	1.546281874179840088e-01	1.148429512977600098e-02	-2.974487841129302979e-02	9.539696574211120605e-02	1.169249266386032104e-01	7.867518067359924316e-02	-6.280576437711715698e-02	-1.554323583841323853e-01	-9.344791620969772339e-02	7.354693114757537842e-02	-1.735397428274154663e-01	9.116329252719879150e-02	3.948430716991424561e-02	2.432718127965927124e-01	-4.828696697950363159e-02	8.020775020122528076e-02	1.016565263271331787e-01	7.765460759401321411e-02	-1.189418286085128784e-01	3.962764889001846313e-02	1.590460538864135742e-01	3.791067600250244141e-01	1.039851307868957520e-01	-1.309447884559631348e-01	6.292508542537689209e-02	-1.888832077383995056e-02	2.161667644977569580e-01	-1.310414820909500122e-01	-4.872967302799224854e-02	2.764487266540527344e-01	9.256753325462341309e-02	1.881923526525497437e-05	-1.784293800592422485e-01	-3.171276673674583435e-02	-1.082713454961776733e-01	1.040672138333320618e-02	9.428299218416213989e-02	9.634105116128921509e-02	-2.166783213615417480e-01	9.348729252815246582e-02	2.061364799737930298e-02	2.321106195449829102e-02	4.658501420635730028e-04	-8.075268007814884186e-03	-5.250565707683563232e-03	2.027978152036666870e-01	-1.483122706413269043e-01	-1.021573096513748169e-01	-6.560248881578445435e-02	4.496838152408599854e-02	-2.423835694789886475e-01	-1.161788851022720337e-01	3.073011711239814758e-02	9.606403112411499023e-02	3.832493675872683525e-03	5.151675641536712646e-02	3.771690279245376587e-02	-1.347278896719217300e-02	-6.925094872713088989e-02	2.625901699066162109e-01
7.647569477558135986e-02	-7.022208720445632935e-02	-1.094572916626930237e-01	-1.322933733463287354e-01	1.961581557989120483e-01	-2.419160492718219757e-02	6.037155538797378540e-02	-4.486623778939247131e-02	1.794342696666717529e-01	-1.359961181879043579e-01	-1.382647156715393066e-01	-5.560754612088203430e-02	2.172140479087829590e-01	1.264677047729492188e-01	2.694207802414894104e-02	5.540688335895538330e-02	2.440460771322250366e-01	2.691799998283386230e-01	-4.971241578459739685e-02	-2.013068199157714844e-01	1.979312598705291748e-01	-1.373639144003391266e-02	-1.426520794630050659e-01	-5.527424439787864685e-02	-9.220657870173454285e-03	1.236169785261154175e-01	2.568433526903390884e-03	-1.194812282919883728e-01	2.944517135620117188e-01	4.798599332571029663e-02	-9.016629308462142944e-02	-1.834889687597751617e-02	8.126269280910491943e-02	-1.470172777771949768e-03	1.405012607574462891e-01	-7.489022612571716309e-02	-4.432509839534759521e-02	5.703064426779747009e-02	-1.962158977985382080e-01	8.058010786771774292e-02	2.596127800643444061e-02	2.788793742656707764e-01	1.531039625406265259e-01	-7.248702645301818848e-02	7.728686928749084473e-02	5.588753521442413330e-02	3.444620966911315918e-02	1.120526939630508423e-01	1.166714727878570557e-01	9.864329546689987183e-02	8.068130910396575928e-02	6.188740953803062439e-02	3.408217802643775940e-03	8.082269132137298584e-02	3.122793883085250854e-02	-1.664874553680419922e-01	1.284933090209960938e-01	2.089828252792358398e-01	-7.553058676421642303e-03	-6.050414219498634338e-02	1.704886928200721741e-02	1.203522738069295883e-02	-1.243301257491111755e-01	1.980206966400146484e-01
-1.201612800359725952e-01	1.132331937551498413e-01	2.049075812101364136e-02	-2.003063857555389404e-01	2.757296711206436157e-02	-1.291516721248626709e-01	1.719761267304420471e-02	-5.535214394330978394e-02	4.337389394640922546e-02	-2.932650446891784668e-01	-1.025697365403175354e-01	1.927920579910278320e-01	3.460519015789031982e-01	2.824529260396957397e-02	1.414284259080886841e-01	-3.951760474592447281e-03	9.919993579387664795e-02	7.851900532841682434e-03	-7.105275988578796387e-02	1.587349623441696167e-01	4.056882485747337341e-02	4.158674180507659912e-02	-4.587014019489288330e-02	-1.495135873556137085e-01	-2.522853016853332520e-01	-9.044025838375091553e-02	-8.838826417922973633e-02	-8.949208259582519531e-02	-7.957134395837783813e-02	-1.247284784913063049e-01	-7.962413877248764038e-02	-3.138055279850959778e-02	1.259471774101257324e-01	-1.932375729084014893e-01	-1.490724924951791763e-02	-1.106340251863002777e-02	-4.283621534705162048e-02	-1.133047230541706085e-02	1.137605533003807068e-01	-1.307646185159683228e-01	-3.533472120761871338e-02	-5.181169509887695312e-02	2.875257283449172974e-02	1.220385730266571045e-01	1.587682664394378662e-01	-1.492623984813690186e-01	4.055278748273849487e-02	8.395713567733764648e-02	-9.635511785745620728e-03	7.789948582649230957e-02	1.114090755581855774e-01	-3.096510097384452820e-02	-1.305743819102644920e-03	2.710805535316467285e-01	2.743484675884246826e-01	-8.224197477102279663e-02	9.622880071401596069e-02	-1.347655355930328369e-01	-9.024517983198165894e-02	-5.882885307073593140e-02	1.755659580230712891e-01	1.469929218292236328e-01	-6.917930394411087036e-02	-1.812074333429336548e-02
1.015383154153823853e-01	-2.384544815868139267e-03	-1.695909351110458374e-02	-5.974416807293891907e-02	-1.056253910064697266e-01	-1.587715446949005127e-01	7.808128744363784790e-02	1.734666526317596436e-01	6.518157571554183960e-02	-1.249934434890747070e-01	-8.149205893278121948e-02	-1.365505624562501907e-03	2.381773889064788818e-01	1.087689101696014404e-01	-8.252147585153579712e-02	-8.602537214756011963e-02	1.758449375629425049e-01	1.368326246738433838e-01	6.658678501844406128e-02	-1.905503720045089722e-01	1.730234622955322266e-01	-3.064144775271415710e-02	2.427915483713150024e-02	-1.788875311613082886e-01	-1.187588721513748169e-01	-8.732987940311431885e-02	-6.024236232042312622e-02	-1.703361719846725464e-01	1.340436637401580811e-01	2.585501223802566528e-02	-1.271592974662780762e-01	-4.090123623609542847e-02	2.098591625690460205e-01	-1.299383342266082764e-01	-5.882242694497108459e-02	-2.142104506492614746e-02	-3.616428375244140625e-02	-2.126255631446838379e-01	-1.996686011552810669e-01	-5.857916921377182007e-02	-1.562483310699462891e-01	1.799371242523193359e-01	-1.870799809694290161e-02	-1.570054888725280762e-01	8.186911791563034058e-02	1.912659406661987305e-01	2.192340418696403503e-02	-2.867532148957252502e-02	5.996074154973030090e-02	2.379596084356307983e-01	-5.833922326564788818e-02	-1.039076000452041626e-01	1.608155369758605957e-01	1.333208382129669189e-01	8.284494280815124512e-02	-4.112236946821212769e-02	1.523149907588958740e-01	-1.468596281483769417e-03	9.744397550821304321e-02	1.595375686883926392e-01	1.666450947523117065e-01	-7.979106903076171875e-02	-1.938273161649703979e-01	-9.568098187446594238e-02
-1.597030907869338989e-01	1.866689696907997131e-02	-1.394073069095611572e-01	-8.900732547044754028e-02	1.423756033182144165e-01	-1.742517054080963135e-01	-5.696623027324676514e-02	-1.990257576107978821e-02	4.269228130578994751e-02	-1.994166672229766846e-01	-1.381680220365524292e-01	-4.478264600038528442e-02	1.204463765025138855e-01	1.055965721607208252e-01	-7.042431831359863281e-02	9.241457283496856689e-02	-1.040576696395874023e-01	2.101011574268341064e-01	1.414516009390354156e-02	4.512085020542144775e-02	2.007824629545211792e-01	-4.283001273870468140e-02	-2.026262879371643066e-02	-1.482135355472564697e-01	-2.066272683441638947e-02	2.062352597713470459e-01	2.269769832491874695e-02	1.550145819783210754e-02	1.509775035083293915e-02	-9.372206777334213257e-02	-9.895533323287963867e-02	-7.275842875242233276e-02	1.402938216924667358e-01	-1.554847508668899536e-01	1.542595922946929932e-01	-6.002456322312355042e-02	-1.088561192154884338e-01	-1.951151899993419647e-02	4.322988167405128479e-02	-6.188699230551719666e-02	2.004857361316680908e-01	6.139013543725013733e-02	-4.405561834573745728e-02	1.294136047363281250e-01	2.216164469718933105e-01	-1.324508190155029297e-01	-6.400032341480255127e-02	1.748786866664886475e-01	4.766810312867164612e-02	1.403155922889709473e-01	1.151502355933189392e-01	2.179342508316040039e-02	1.976139843463897705e-01	1.347450464963912964e-01	-1.302087306976318359e-01	-3.772914409637451172e-01	9.326210618019104004e-02	-2.863083966076374054e-02	-8.493907749652862549e-02	-5.999781936407089233e-02	1.583538353443145752e-01	-2.104705758392810822e-02	-1.595311164855957031e-01	-1.243884116411209106e-01
-1.140864267945289612e-01	5.837514251470565796e-02	-7.034593820571899414e-02	-2.836157083511352539e-01	-6.619184464216232300e-02	-1.504467725753784180e-01	8.331531286239624023e-02	-1.148124188184738159e-01	-3.688379377126693726e-02	6.991726905107498169e-02	-3.563973307609558105e-02	1.456578969955444336e-01	1.960450708866119385e-01	9.777481853961944580e-02	-1.350812613964080811e-01	-1.983880400657653809e-01	6.204866617918014526e-02	1.005079597234725952e-01	-8.688188157975673676e-03	-1.902014762163162231e-02	9.286451339721679688e-02	4.170675575733184814e-02	-1.116142347455024719e-01	-1.802277863025665283e-01	-2.629461884498596191e-01	1.107199564576148987e-01	-2.002741098403930664e-01	-2.000109553337097168e-01	-1.848184689879417419e-02	2.062783762812614441e-02	-1.037512272596359253e-01	1.166653633117675781e-01	6.378918886184692383e-02	-4.127656668424606323e-02	2.747398801147937775e-02	-1.282896846532821655e-01	4.767032805830240250e-04	6.484410166740417480e-02	-3.069604039192199707e-01	8.299128711223602295e-02	-4.902856051921844482e-02	1.378169804811477661e-01	-2.621508203446865082e-02	-1.068901717662811279e-01	8.960755169391632080e-02	-1.660168617963790894e-01	5.667717754840850830e-02	6.637496501207351685e-02	4.297692328691482544e-02	1.071786880493164062e-01	3.025027364492416382e-02	2.507256157696247101e-02	-9.597098454833030701e-03	3.291772902011871338e-01	1.703741699457168579e-01	-9.652382135391235352e-02	7.023733854293823242e-02	1.467592120170593262e-01	4.620116204023361206e-02	4.622177779674530029e-02	1.791645586490631104e-01	9.554178267717361450e-02	-1.108224689960479736e-01	-2.356749400496482849e-02
-1.950540393590927124e-02	5.716117843985557556e-02	-4.972087591886520386e-02	-4.260990023612976074e-02	7.043676823377609253e-02	-1.314918417483568192e-02	9.874448180198669434e-02	-2.763592451810836792e-02	-5.177975073456764221e-02	-2.424098998308181763e-01	-4.419083148241043091e-02	6.052574887871742249e-02	2.231434732675552368e-01	1.958876699209213257e-01	-1.831919327378273010e-02	-6.453593727201223373e-03	4.219085723161697388e-02	1.585663706064224243e-01	-1.666327714920043945e-01	1.282023042440414429e-01	-5.315396934747695923e-02	-7.755888998508453369e-02	6.039186567068099976e-02	-9.536737576127052307e-03	-2.028232514858245850e-01	-1.239725947380065918e-02	-1.790703535079956055e-01	-6.550624035298824310e-03	1.260894630104303360e-02	-9.325828403234481812e-02	-1.242393553256988525e-01	-3.912916872650384903e-04	4.810695350170135498e-02	3.118134289979934692e-02	1.101384758949279785e-01	1.538241654634475708e-02	1.964019834995269775e-01	8.857129514217376709e-02	-7.927912473678588867e-02	-4.373864829540252686e-02	1.985092833638191223e-02	-3.428750485181808472e-02	1.619635671377182007e-01	-1.507436484098434448e-01	3.225041180849075317e-02	-3.831567168235778809e-01	1.095788776874542236e-01	7.174129784107208252e-02	2.310433983802795410e-01	1.635674983263015747e-01	1.460670232772827148e-01	-2.005370408296585083e-01	-1.386387795209884644e-01	1.261798292398452759e-01	1.119112446904182434e-01	1.277941167354583740e-01	1.900023818016052246e-01	1.069008409976959229e-01	-1.485127508640289307e-01	-2.273359000682830811e-01	-6.653968989849090576e-02	-5.074136331677436829e-02	1.930462382733821869e-02	1.031055301427841187e-01
-1.633594334125518799e-01	-6.473711133003234863e-02	6.327251344919204712e-02	1.427015215158462524e-01	2.141044586896896362e-01	6.940823793411254883e-02	-2.552256882190704346e-01	5.102093517780303955e-02	8.660129457712173462e-02	-6.358212977647781372e-02	-9.334378689527511597e-02	1.149582676589488983e-03	1.946661770343780518e-01	-2.523344159126281738e-01	2.224860489368438721e-01	9.406208992004394531e-02	-1.019141674041748047e-01	-4.333120584487915039e-02	-5.536261573433876038e-02	2.212974056601524353e-02	1.311241984367370605e-01	1.596656888723373413e-01	4.886667057871818542e-02	-4.152901843190193176e-02	2.809173464775085449e-01	3.838215768337249756e-02	8.789204061031341553e-02	1.456810384988784790e-01	3.111887536942958832e-02	2.663351222872734070e-02	-7.656174898147583008e-02	6.277777254581451416e-02	3.849777206778526306e-02	-9.285043179988861084e-02	1.463764756917953491e-01	-4.215629398822784424e-02	-1.503637582063674927e-01	1.287598013877868652e-01	1.746429651975631714e-01	-6.087156012654304504e-02	2.270991355180740356e-01	5.021035671234130859e-02	-7.100899517536163330e-02	1.743393689393997192e-01	1.239006221294403076e-01	6.042163819074630737e-03	-1.301924586296081543e-01	1.408667862415313721e-01	-1.245112717151641846e-01	-7.333423942327499390e-02	1.474889963865280151e-01	8.868125267326831818e-03	-2.867265045642852783e-02	-2.484032809734344482e-01	-6.094736233353614807e-02	-9.172499924898147583e-02	-7.407514750957489014e-02	-3.661877661943435669e-02	-3.578251227736473083e-02	-1.426263302564620972e-01	2.383977733552455902e-02	3.808284923434257507e-02	1.562298536300659180e-01	1.219593286514282227e-01
-1.237989068031311035e-01	1.014376804232597351e-01	6.496059894561767578e-02	8.715182542800903320e-02	1.420656442642211914e-01	-1.271139681339263916e-01	-7.408899813890457153e-02	-5.063760560005903244e-03	1.337240487337112427e-01	5.437724292278289795e-02	-1.146517917513847351e-01	9.195164591073989868e-02	-3.771062009036540985e-03	3.747243061661720276e-02	-3.214201331138610840e-02	2.738350629806518555e-01	-1.042574793100357056e-01	1.317565888166427612e-01	2.858979278244078159e-04	1.248815730214118958e-01	3.575653210282325745e-02	1.876238733530044556e-02	6.561033427715301514e-02	-5.992333963513374329e-02	2.676967531442642212e-02	2.082128375768661499e-01	1.926969178020954132e-02	-3.148617744445800781e-01	-8.211311697959899902e-02	-1.838495433330535889e-01	-6.346251070499420166e-02	-9.144014865159988403e-02	-5.300424993038177490e-02	1.705045849084854126e-01	1.566459983587265015e-01	8.405052125453948975e-02	-6.882842630147933960e-02	-9.815213084220886230e-02	-6.732130050659179688e-02	-2.179220020771026611e-01	-1.280542649328708649e-02	-1.956233084201812744e-01	-1.818755269050598145e-01	1.523529589176177979e-01	3.374855220317840576e-02	-2.893520891666412354e-01	1.182036194950342178e-02	3.427308797836303711e-02	1.443837732076644897e-01	-1.851291954517364502e-02	5.017293244600296021e-02	-1.264196634292602539e-01	-3.105525299906730652e-02	2.955997735261917114e-02	-1.140965297818183899e-01	-1.100395321846008301e-01	-6.007982417941093445e-02	1.804052293300628662e-01	8.290502429008483887e-02	-3.376892209053039551e-02	1.614563725888729095e-02	-9.342860430479049683e-02	1.447511017322540283e-01	2.818249762058258057e-01
6.231953203678131104e-02	7.420128211379051208e-03	-1.367262005805969238e-02	-6.885115057229995728e-02	1.091442555189132690e-01	-1.791521310806274414e-01	-2.304996736347675323e-02	2.183133959770202637e-01	7.590097188949584961e-02	-5.267991125583648682e-02	-1.099493056535720825e-01	-1.365372985601425171e-01	1.613695919513702393e-01	8.532965928316116333e-02	-1.024177670478820801e-01	5.652776733040809631e-02	1.349301636219024658e-01	3.227218091487884521e-01	-1.705680601298809052e-02	3.756019473075866699e-02	3.173304721713066101e-02	8.863177895545959473e-02	-6.081783026456832886e-02	-2.086722254753112793e-01	-1.320220064371824265e-03	1.676381230354309082e-01	5.909570027142763138e-03	-2.019603699445724487e-01	9.993360936641693115e-02	-3.500991314649581909e-02	8.779142051935195923e-02	4.123109206557273865e-02	-3.270693868398666382e-02	1.073184162378311157e-01	-5.834923312067985535e-02	-3.263883292675018311e-02	-9.772127121686935425e-02	-9.307223558425903320e-02	-3.138648569583892822e-01	-1.208315566182136536e-01	-1.096664518117904663e-01	1.025160104036331177e-01	-1.865281462669372559e-01	-1.799322962760925293e-01	4.999577254056930542e-02	-5.748600885272026062e-02	1.257076114416122437e-01	-3.516172245144844055e-02	1.111495494842529297e-01	2.202823311090469360e-01	-1.907064020633697510e-02	-1.814452111721038818e-01	-5.154458433389663696e-02	1.353392302989959717e-01	2.547948062419891357e-02	1.763924956321716309e-02	2.816670201718807220e-02	2.700055837631225586e-01	2.554428018629550934e-02	1.373100727796554565e-01	-1.163667347282171249e-02	2.926521375775337219e-02	-1.207720264792442322e-01	2.186371237039566040e-01
3.854789584875106812e-02	1.784856319427490234e-01	-7.054558396339416504e-02	-4.151177406311035156e-02	1.875805482268333435e-02	-2.348467707633972168e-02	1.714877635240554810e-01	-1.439950764179229736e-01	1.025361591018736362e-03	1.457858979701995850e-01	3.718795627355575562e-02	3.099666833877563477e-01	4.145505651831626892e-02	-1.988814473152160645e-01	2.626985125243663788e-02	-4.434616863727569580e-02	2.602840662002563477e-01	-9.396693110466003418e-02	4.270645231008529663e-02	-8.194744586944580078e-02	-7.904162630438804626e-04	9.826368093490600586e-02	-1.324632465839385986e-01	-7.760785520076751709e-02	-1.522009223699569702e-01	-6.533420085906982422e-02	-3.323603048920631409e-02	-3.274708390235900879e-01	-1.342616323381662369e-02	-1.738426089286804199e-01	-1.418122351169586182e-01	-1.242445260286331177e-01	-3.054639697074890137e-02	3.262089565396308899e-02	3.417917340993881226e-02	-4.804022237658500671e-02	1.143996119499206543e-01	-1.021074224263429642e-02	2.826807554811239243e-03	1.543709933757781982e-01	-2.440797537565231323e-01	2.227796986699104309e-02	5.981042981147766113e-02	-1.006980985403060913e-01	-1.864045560359954834e-01	5.378076341003179550e-03	3.012597188353538513e-02	1.343037486076354980e-01	1.377574950456619263e-01	-1.965388655662536621e-01	-7.908759266138076782e-02	-1.406255513429641724e-01	-9.665399044752120972e-02	-6.900520622730255127e-02	1.964176297187805176e-01	9.022626280784606934e-02	-1.337199509143829346e-01	4.887188225984573364e-02	1.704154908657073975e-01	1.335046440362930298e-01	-2.932492643594741821e-04	-1.657508872449398041e-02	-5.080274492502212524e-02	1.421718150377273560e-01
-4.875157028436660767e-02	-2.421158179640769958e-02	-1.314473897218704224e-01	-2.926571071147918701e-01	1.577440947294235229e-01	-1.576277911663055420e-01	-7.350287586450576782e-02	-1.206998899579048157e-02	1.411351114511489868e-01	-7.587192207574844360e-02	-7.451579719781875610e-02	1.072350963950157166e-01	2.826620340347290039e-01	6.176661700010299683e-04	1.691387593746185303e-02	6.323213875293731689e-02	1.582870781421661377e-01	1.279932558536529541e-01	-2.914109081029891968e-02	6.431648880243301392e-02	1.696409098803997040e-02	1.038883849978446960e-01	-1.402090936899185181e-01	-1.482918560504913330e-01	7.471556961536407471e-02	2.306527793407440186e-01	2.535126637667417526e-03	-1.821348220109939575e-01	7.415476441383361816e-02	1.917098462581634521e-02	-2.912276424467563629e-02	-8.076814934611320496e-03	-2.580952644348144531e-02	9.425414726138114929e-03	-1.740785129368305206e-02	-1.030069142580032349e-01	-3.274580240249633789e-01	8.789734542369842529e-02	-1.554491519927978516e-01	2.982478588819503784e-02	-7.290190458297729492e-02	1.266075670719146729e-01	-1.263465285301208496e-01	1.338129043579101562e-01	8.474749326705932617e-02	8.534833788871765137e-02	-1.908541889861226082e-03	1.034743711352348328e-01	-1.539284586906433105e-01	1.216435730457305908e-01	2.585772797465324402e-02	5.164529383182525635e-02	1.166537702083587646e-01	2.688173055648803711e-01	3.507215902209281921e-02	-2.297970205545425415e-01	1.417124085128307343e-02	1.515496373176574707e-01	-8.744761347770690918e-02	1.399701982736587524e-01	1.109570264816284180e-01	1.340273618698120117e-01	-2.523683011531829834e-02	6.222970038652420044e-02
1.343975663185119629e-01	-1.517148166894912720e-01	-9.148636460304260254e-02	-1.181841939687728882e-01	8.045108616352081299e-02	3.039232920855283737e-03	-1.854070462286472321e-02	6.527158897370100021e-03	-1.686967909336090088e-02	-6.895513832569122314e-02	8.766188472509384155e-02	7.647578418254852295e-02	2.372467517852783203e-01	7.186249643564224243e-02	7.881809026002883911e-02	5.568041279911994934e-02	2.807244285941123962e-02	-1.197658032178878784e-01	-1.308206468820571899e-01	-1.152648478746414185e-01	3.322108089923858643e-02	-7.032234221696853638e-02	-1.519160810858011246e-03	6.513713300228118896e-02	1.286582201719284058e-01	1.167867556214332581e-01	-1.666893437504768372e-02	-8.754022419452667236e-02	1.596086621284484863e-01	1.300210356712341309e-01	-1.207923367619514465e-01	-1.453984379768371582e-01	1.200976669788360596e-01	-2.150304988026618958e-02	6.097815930843353271e-03	-6.448286026716232300e-02	-1.910374462604522705e-01	4.464398324489593506e-02	-1.333956271409988403e-01	5.860958248376846313e-02	-2.112922258675098419e-03	2.431836724281311035e-01	-6.952205300331115723e-02	1.814399808645248413e-01	-1.305095665156841278e-02	3.001224696636199951e-01	-1.617432981729507446e-01	-3.170954436063766479e-02	-1.186993643641471863e-01	2.467014342546463013e-01	-1.016076728701591492e-01	2.374799549579620361e-01	1.913250982761383057e-01	1.806793808937072754e-01	-8.459666371345520020e-02	-8.130813390016555786e-02	2.138962149620056152e-01	2.985522896051406860e-02	1.083965227007865906e-02	9.060597419738769531e-02	1.734345108270645142e-01	-1.158232390880584717e-01	-4.283360391855239868e-02	-6.222584843635559082e-02
4.952234774827957153e-02	2.145988307893276215e-02	-1.752924919128417969e-01	-1.509501338005065918e-01	1.871900707483291626e-01	-2.063939347863197327e-02	1.612193584442138672e-01	-1.819986999034881592e-01	-2.151892334222793579e-02	1.216036453843116760e-02	-4.430564492940902710e-02	4.633284732699394226e-02	3.716847673058509827e-02	-2.356874011456966400e-02	-2.309148944914340973e-02	1.108784377574920654e-01	1.016890555620193481e-01	1.881221979856491089e-01	7.199017703533172607e-02	-3.662431612610816956e-02	2.560966908931732178e-01	1.342073362320661545e-02	-1.492531001567840576e-01	2.926551736891269684e-02	-3.587283939123153687e-02	2.391325533390045166e-01	-1.989723183214664459e-02	-1.502362936735153198e-01	1.687287390232086182e-01	-8.522981405258178711e-02	-1.549413353204727173e-01	-9.628222882747650146e-02	3.743099421262741089e-02	9.115207940340042114e-02	3.681918978691101074e-01	-1.484733521938323975e-01	-9.263760410249233246e-03	1.108321845531463623e-01	-1.910548806190490723e-01	9.005533158779144287e-02	1.394956409931182861e-01	1.330992281436920166e-01	6.609345972537994385e-02	7.958205044269561768e-02	-3.414206672459840775e-03	-3.863631561398506165e-02	3.723995015025138855e-02	1.748790144920349121e-01	1.007890775799751282e-01	-1.078221797943115234e-01	5.144390463829040527e-02	1.199422329664230347e-01	1.121419146656990051e-01	6.571357697248458862e-02	-1.436762660741806030e-01	-2.658639848232269287e-01	3.325429186224937439e-02	2.079530209302902222e-01	1.516782399266958237e-02	-5.082846805453300476e-02	2.244673669338226318e-05	-3.548119589686393738e-02	-7.013051211833953857e-02	1.116576194763183594e-01
-3.889924660325050354e-02	4.076894372701644897e-02	8.704890310764312744e-02	1.120833829045295715e-01	5.960085242986679077e-02	3.523267433047294617e-02	-2.067644298076629639e-01	-9.849745780229568481e-02	-1.371356099843978882e-02	2.593137323856353760e-01	1.899184472858905792e-02	-1.279092729091644287e-01	-1.529998779296875000e-01	1.081538051366806030e-01	-1.807701438665390015e-01	-1.734494864940643311e-01	8.502546697854995728e-02	1.193161457777023315e-01	-3.875204920768737793e-02	8.308148011565208435e-03	5.012835375964641571e-03	-2.259264886379241943e-02	-1.362052261829376221e-01	5.483393743634223938e-02	3.289414197206497192e-02	1.716062724590301514e-01	8.708085119724273682e-02	-1.426538527011871338e-01	8.587922900915145874e-02	-1.153189614415168762e-01	8.424001932144165039e-02	4.953705519437789917e-02	-1.907275021076202393e-01	3.177102804183959961e-01	5.004745721817016602e-02	-2.678124792873859406e-02	1.437184810638427734e-01	-5.236627534031867981e-02	2.265791175886988640e-03	1.105388160794973373e-02	-1.690128073096275330e-02	2.618175745010375977e-02	-1.762280240654945374e-02	-1.512579619884490967e-01	-3.112282045185565948e-02	-2.019599676132202148e-01	8.548684418201446533e-02	-7.945089042186737061e-02	1.925858408212661743e-01	-1.452057510614395142e-01	-8.598744869232177734e-02	-6.825941801071166992e-02	-1.350861638784408569e-01	-2.064239382743835449e-01	-1.237792074680328369e-01	9.254136681556701660e-02	-2.988172881305217743e-02	1.823644340038299561e-01	-1.529413089156150818e-02	1.508490145206451416e-01	-6.012926623225212097e-02	-1.166766136884689331e-01	-1.444498449563980103e-01	3.092985153198242188e-01
-9.194536507129669189e-02	-4.502213001251220703e-02	3.752913326025009155e-04	1.275626718997955322e-01	1.331717241555452347e-02	-2.361804805696010590e-02	1.089490130543708801e-01	2.573164924979209900e-02	-1.462312340736389160e-01	1.487174928188323975e-01	6.256769597530364990e-02	4.839005693793296814e-02	-7.145935297012329102e-02	8.326853066682815552e-02	2.949642390012741089e-02	-1.044147238135337830e-01	3.198278695344924927e-02	-1.482732594013214111e-01	5.451161041855812073e-02	2.068747878074645996e-01	2.691921293735504150e-01	6.248822808265686035e-02	8.306220918893814087e-02	4.873130470514297485e-02	-4.979339987039566040e-02	1.377313304692506790e-02	8.961778879165649414e-02	-9.885680675506591797e-02	-1.122525185346603394e-01	-1.329747140407562256e-01	1.020951047539710999e-01	-4.542157799005508423e-02	9.190098941326141357e-02	7.653744518756866455e-02	1.416151672601699829e-01	-3.465168550610542297e-02	1.747788488864898682e-01	-2.111077010631561279e-01	-1.408208906650543213e-01	-8.151485025882720947e-02	2.301063537597656250e-01	6.606120616197586060e-02	-1.595004051923751831e-01	-2.305439673364162445e-02	1.923708915710449219e-01	-1.033892333507537842e-01	-7.512719929218292236e-02	9.656643867492675781e-02	1.487804800271987915e-01	1.254052668809890747e-01	-2.148970514535903931e-01	-2.311858832836151123e-01	2.198543585836887360e-02	8.206326514482498169e-03	-1.122301667928695679e-01	4.951399937272071838e-02	-8.437471091747283936e-02	-1.432941760867834091e-02	1.959597766399383545e-01	-4.119744524359703064e-02	2.245507538318634033e-01	-1.459811627864837646e-01	-2.944711148738861084e-01	-5.463795363903045654e-02
