1.059498339891433716e-01	8.590050041675567627e-02	-1.198378056287765503e-01	-3.209890797734260559e-02	7.942028343677520752e-02	-4.486887902021408081e-02	2.684529423713684082e-01	-7.363820821046829224e-02	3.032797202467918396e-02	-2.354142665863037109e-01	-1.559178084135055542e-01	1.276464164257049561e-01	-4.037588089704513550e-02	2.002460509538650513e-01	1.514898836612701416e-01	-8.682241290807723999e-02	3.633554279804229736e-02	-7.751098275184631348e-02	2.187411114573478699e-02	1.684536039829254150e-01	-1.181303709745407104e-01	-5.846827849745750427e-02	-3.181209415197372437e-02	8.117443323135375977e-02	2.599449753761291504e-01	1.419731676578521729e-01	7.486455142498016357e-02	-6.949212402105331421e-02	2.846257686614990234e-01	-1.272898018360137939e-01	6.143030524253845215e-02	7.755799591541290283e-02	1.290330290794372559e-01	1.038540601730346680e-01	-7.838003337383270264e-03	-4.168990254402160645e-02	1.318217664957046509e-01	-1.196224242448806763e-01	1.099632382392883301e-01	-7.829645276069641113e-02	-2.251488119363784790e-01	-1.541487723588943481e-01	9.937167167663574219e-03	-3.401382640004158020e-02	-1.215007272548973560e-03	6.901631597429513931e-03	4.502887278795242310e-02	1.745139956474304199e-01	7.420492172241210938e-02	1.201996207237243652e-01	-3.316306322813034058e-02	-1.006090361624956131e-02	-1.554827839136123657e-01	-2.331548742949962616e-02	-1.786878854036331177e-01	-1.072553824633359909e-02	-9.240178018808364868e-02	-2.015798091888427734e-01	1.509788036346435547e-01	-1.168708410114049911e-02	-8.892071992158889771e-02	5.612330883741378784e-02	1.907198280096054077e-01	-1.745849251747131348e-01
1.169257685542106628e-01	5.380015075206756592e-02	-1.273126751184463501e-01	1.347371377050876617e-02	1.191533058881759644e-01	3.093056939542293549e-02	2.143527716398239136e-01	1.204289868474006653e-02	8.151865005493164062e-02	-1.990415751934051514e-01	-1.211724579334259033e-01	1.951707452535629272e-01	-4.109967127442359924e-02	1.616346985101699829e-01	2.043291777372360229e-01	-1.433186829090118408e-01	6.751541793346405029e-02	-7.836131006479263306e-02	9.870275855064392090e-02	5.519968643784523010e-02	-1.094733998179435730e-01	3.973835147917270660e-03	-2.432564832270145416e-02	1.434459388256072998e-01	2.387752979993820190e-01	1.456012576818466187e-01	9.211622178554534912e-02	-6.759184598922729492e-02	2.812920808792114258e-01	-5.282617360353469849e-02	9.106893837451934814e-02	-8.626333437860012054e-03	1.794946342706680298e-01	7.797915488481521606e-02	4.825355112552642822e-02	-8.749471604824066162e-02	1.279921829700469971e-01	-5.913638323545455933e-02	6.868251413106918335e-02	-4.585736244916915894e-02	-2.641281187534332275e-01	-1.588491499423980713e-01	1.854072511196136475e-02	7.528342306613922119e-03	-4.646480083465576172e-04	4.766339063644409180e-02	6.123818457126617432e-02	1.455424726009368896e-01	7.795870304107666016e-02	1.206854134798049927e-01	-1.511427666991949081e-02	1.358486060053110123e-02	-1.009144857525825500e-01	4.631895571947097778e-02	-1.346199363470077515e-01	-3.680661320686340332e-02	-2.741764858365058899e-02	-2.729817926883697510e-01	1.836388111114501953e-01	-7.305606454610824585e-02	-1.161627024412155151e-01	9.919513761997222900e-02	1.287958472967147827e-01	-1.555942595005035400e-01
1.507845818996429443e-01	2.260850742459297180e-02	-1.906531751155853271e-01	-5.681569501757621765e-02	8.154150098562240601e-02	-1.437740623950958252e-01	2.356990873813629150e-01	-9.317427128553390503e-02	-1.925139129161834717e-02	-1.971893012523651123e-01	-1.118581593036651611e-01	1.902243345975875854e-01	-3.871235996484756470e-02	2.045018076896667480e-01	1.089286282658576965e-01	-9.225510805845260620e-02	4.783372581005096436e-02	-4.719873517751693726e-02	6.397449970245361328e-02	5.640903115272521973e-02	-1.041522026062011719e-01	-8.448439091444015503e-02	-1.794250868260860443e-02	1.169301345944404602e-01	1.731321364641189575e-01	9.030321240425109863e-02	3.806015104055404663e-02	-8.827121555805206299e-02	2.402428388595581055e-01	-9.678241610527038574e-02	1.215612441301345825e-01	3.042554482817649841e-02	2.114657312631607056e-01	8.917807042598724365e-02	-3.062808699905872345e-02	-7.866823673248291016e-02	1.391571015119552612e-01	-8.487625420093536377e-02	1.146820709109306335e-01	-4.705240204930305481e-02	-2.853972315788269043e-01	-1.753971874713897705e-01	2.409751899540424347e-02	-1.004710942506790161e-01	-1.782507449388504028e-02	-3.444112837314605713e-02	6.046073511242866516e-02	1.493384987115859985e-01	4.194224625825881958e-02	1.800326555967330933e-01	-8.999254554510116577e-03	-7.856704294681549072e-02	-1.522856056690216064e-01	-1.750636845827102661e-02	-1.206199824810028076e-01	2.601764537394046783e-02	-1.865023374557495117e-01	-1.940888613462448120e-01	4.860939085483551025e-02	-1.016701478511095047e-02	-4.154174774885177612e-02	-2.511254698038101196e-02	1.442125439643859863e-01	-2.317095845937728882e-01
9.298987686634063721e-02	4.903486743569374084e-02	-1.348408907651901245e-01	-3.038154542446136475e-02	1.401426196098327637e-01	-4.745382443070411682e-02	2.106199264526367188e-01	-9.557446092367172241e-02	-1.459061075001955032e-02	-2.696217298507690430e-01	-4.184312373399734497e-02	1.697497367858886719e-01	-7.514289021492004395e-02	1.018556505441665649e-01	1.817701011896133423e-01	-1.385547220706939697e-01	5.338688381016254425e-03	-2.376460656523704529e-02	6.284147500991821289e-02	1.731542050838470459e-01	-7.820706814527511597e-02	-9.200428426265716553e-02	-4.263577237725257874e-02	7.650914043188095093e-02	1.633177101612091064e-01	1.334540694952011108e-01	1.814821735024452209e-02	-1.746577620506286621e-01	2.764317095279693604e-01	-1.497945189476013184e-01	1.258737146854400635e-01	2.094466984272003174e-02	1.057042479515075684e-01	1.009947732090950012e-01	-1.150849387049674988e-01	-1.406471282243728638e-01	1.659385263919830322e-01	-1.126780807971954346e-01	1.429377645254135132e-01	-3.150457888841629028e-02	-1.914411783218383789e-01	-9.838758409023284912e-02	1.472238637506961823e-02	-8.662434667348861694e-02	-3.063628682866692543e-03	-2.608299255371093750e-04	7.729435339570045471e-03	1.222777441143989563e-01	9.640155732631683350e-02	1.352196931838989258e-01	-6.622526794672012329e-02	-2.056306600570678711e-02	-1.465058773756027222e-01	-8.057393133640289307e-04	-1.656139791011810303e-01	5.871097743511199951e-02	-2.268644869327545166e-01	-1.759088933467864990e-01	-6.842456292361021042e-03	-3.938491269946098328e-02	-1.662188209593296051e-02	-5.975740775465965271e-02	1.024846434593200684e-01	-2.154393494129180908e-01
8.436459302902221680e-02	8.858433365821838379e-02	-8.646203577518463135e-02	5.427155643701553345e-02	6.548207253217697144e-02	8.331451565027236938e-03	1.813468635082244873e-01	-2.208681777119636536e-02	1.201226413249969482e-01	-2.018566280603408813e-01	-1.125290244817733765e-01	2.096502929925918579e-01	-5.675283819437026978e-02	2.301669120788574219e-01	2.828113436698913574e-01	-1.417744010686874390e-01	-1.904061250388622284e-02	-2.859161235392093658e-03	1.212678849697113037e-01	2.403271198272705078e-02	-8.026015758514404297e-02	3.907405189238488674e-04	-4.938597604632377625e-02	5.967610329389572144e-02	2.018892318010330200e-01	1.703444421291351318e-01	1.086293458938598633e-01	-1.338424533605575562e-01	2.609829008579254150e-01	4.134957492351531982e-02	1.240937858819961548e-01	-5.075782537460327148e-04	1.388258934020996094e-01	6.375610083341598511e-02	7.579260505735874176e-03	-5.154908448457717896e-02	1.151221171021461487e-01	-9.267890453338623047e-02	5.306247621774673462e-02	-1.965391077101230621e-02	-2.990455329418182373e-01	-1.313423365354537964e-01	1.654689200222492218e-03	5.959184095263481140e-02	-9.475757926702499390e-02	3.662871569395065308e-02	4.603366553783416748e-02	1.353970617055892944e-01	6.960778683423995972e-02	1.986962258815765381e-01	2.764922380447387695e-02	5.413731187582015991e-02	-1.354287266731262207e-01	7.839885354042053223e-02	-1.501385271549224854e-01	-1.128788106143474579e-02	-8.101225644350051880e-02	-2.472709119319915771e-01	9.527205675840377808e-02	-3.125940449535846710e-03	-4.214629903435707092e-02	4.005876928567886353e-02	7.561781257390975952e-02	-2.186545729637145996e-01
1.713669113814830780e-02	1.351793669164180756e-02	-6.577806919813156128e-02	-5.287618935108184814e-02	7.683023065328598022e-02	1.324698328971862793e-01	1.505208909511566162e-01	-1.002082154154777527e-01	1.491702646017074585e-01	-2.892396748065948486e-01	2.474165335297584534e-02	2.166945040225982666e-01	-1.925659179687500000e-01	7.032902538776397705e-02	1.780492067337036133e-01	-4.564622044563293457e-02	1.443906873464584351e-01	-3.347878530621528625e-02	-8.604554459452629089e-04	1.229147985577583313e-01	-1.166865602135658264e-02	-8.521246165037155151e-02	-1.691927313804626465e-01	-3.520874306559562683e-04	8.728715032339096069e-02	2.994405850768089294e-02	1.635916084051132202e-01	-1.985833048820495605e-01	1.675605177879333496e-01	-1.507291570305824280e-03	1.978997737169265747e-01	4.192961007356643677e-02	1.985904723405838013e-01	-1.813784055411815643e-02	-1.457475312054157257e-02	-2.131220884621143341e-02	4.487745463848114014e-03	2.486879937350749969e-03	5.875941365957260132e-03	5.224434193223714828e-03	-1.877523660659790039e-01	-7.118384540081024170e-02	3.598646074533462524e-02	-8.088832348585128784e-02	-3.008635044097900391e-01	-2.763186767697334290e-02	9.433742612600326538e-02	5.239368230104446411e-02	2.413038350641727448e-02	9.677106142044067383e-02	-5.987074226140975952e-02	3.738322108983993530e-02	-1.491324305534362793e-01	1.485963463783264160e-01	-1.699209809303283691e-01	-8.334846235811710358e-03	-8.817981928586959839e-02	-1.913850903511047363e-01	9.830024838447570801e-02	5.678441375494003296e-02	-4.194996505975723267e-02	-8.478029072284698486e-02	1.221984326839447021e-01	-1.990949660539627075e-01
-5.586414411664009094e-02	-3.107326850295066833e-02	-1.998860687017440796e-01	1.009245589375495911e-02	-1.037769950926303864e-02	-5.691657960414886475e-02	1.092045381665229797e-02	-6.982859969139099121e-02	-2.498812675476074219e-01	-1.141651868820190430e-01	1.506845094263553619e-02	-6.829278171062469482e-02	-7.036232948303222656e-02	1.508409529924392700e-01	7.977803796529769897e-02	-7.138120941817760468e-03	-2.791241705417633057e-01	1.203175112605094910e-01	5.862729996442794800e-02	-8.123455941677093506e-02	3.321613371372222900e-02	2.397669479250907898e-02	-6.078281626105308533e-02	2.818589806556701660e-01	-1.073613483458757401e-02	8.727812021970748901e-02	-1.847113221883773804e-01	5.082519724965095520e-02	1.611365228891372681e-01	-7.378162443637847900e-02	4.867502301931381226e-02	8.307929337024688721e-02	5.876133218407630920e-02	3.280773758888244629e-02	-5.862417817115783691e-02	3.781533241271972656e-02	-6.857286393642425537e-02	-1.721812337636947632e-01	1.742623746395111084e-01	6.280392408370971680e-02	-3.376044034957885742e-01	-2.968588471412658691e-01	-2.071811631321907043e-02	-1.223651617765426636e-01	-8.629413321614265442e-03	-1.115639507770538330e-01	-2.333087101578712463e-02	1.050148680806159973e-01	1.675628125667572021e-01	2.275742143392562866e-01	-1.094098985195159912e-01	-7.481280714273452759e-02	-2.977462112903594971e-02	3.341053053736686707e-02	-7.892640680074691772e-02	1.070448458194732666e-01	-1.347567290067672729e-01	-2.277313470840454102e-01	4.435237124562263489e-02	-2.927834540605545044e-02	1.379354149103164673e-01	1.821172237396240234e-02	-4.426596220582723618e-03	-2.064567245543003082e-02
1.226346045732498169e-01	3.906941786408424377e-02	-6.026516482234001160e-02	-3.148771077394485474e-02	6.015141680836677551e-02	-8.502900600433349609e-02	2.786352336406707764e-01	-2.155448496341705322e-01	-6.501135230064392090e-02	-1.691847443580627441e-01	8.503922075033187866e-02	4.389052744954824448e-03	-7.649149000644683838e-02	1.281045973300933838e-01	6.109911948442459106e-02	-2.691205963492393494e-02	-1.369411945343017578e-01	-7.992550730705261230e-02	8.344520628452301025e-02	7.549673318862915039e-02	-4.361375421285629272e-02	-4.502622038125991821e-02	5.019259452819824219e-02	1.670656353235244751e-01	9.875157475471496582e-02	9.191585332155227661e-02	-8.136545121669769287e-02	1.116639748215675354e-02	2.933685481548309326e-01	-9.804459661245346069e-02	1.851606070995330811e-01	1.051674559712409973e-01	7.387666404247283936e-02	1.175466850399971008e-01	-1.213692128658294678e-01	-6.391340494155883789e-02	2.598485052585601807e-01	-1.533292382955551147e-01	1.117243096232414246e-01	6.353094428777694702e-02	-1.248164698481559753e-01	-8.592735975980758667e-02	5.032259225845336914e-02	-2.005008310079574585e-01	2.734787017107009888e-02	4.970454797148704529e-02	4.642204567790031433e-02	1.763372123241424561e-01	1.476058363914489746e-01	1.092884838581085205e-01	-1.020161807537078857e-01	-7.043384760618209839e-02	-1.428566873073577881e-01	-5.707720294594764709e-02	-2.226187735795974731e-01	3.965773433446884155e-02	-2.577638924121856689e-01	-1.270287334918975830e-01	-1.149576827883720398e-01	-4.661436751484870911e-02	-5.857412144541740417e-02	-5.082771927118301392e-02	5.657441541552543640e-02	-7.153694331645965576e-02
1.076165661215782166e-01	-4.692504554986953735e-02	-1.249862462282180786e-01	9.599799662828445435e-02	1.330474019050598145e-02	1.505138445645570755e-02	1.759600639343261719e-01	1.015150081366300583e-02	3.819148242473602295e-02	-2.354688793420791626e-01	-1.137538999319076538e-01	7.979475706815719604e-02	-1.102435588836669922e-02	1.964512914419174194e-01	1.915414929389953613e-01	-5.341198667883872986e-02	-1.586566865444183350e-01	-2.391000837087631226e-02	9.081851691007614136e-02	8.625962585210800171e-02	-5.672993883490562439e-02	4.066487029194831848e-02	-9.361794590950012207e-02	1.486464589834213257e-01	2.020645588636398315e-01	1.680211275815963745e-01	7.070027291774749756e-02	-4.879499971866607666e-02	3.121301829814910889e-01	4.757952690124511719e-02	5.885322391986846924e-02	2.766942046582698822e-02	1.252911686897277832e-01	8.975970745086669922e-02	-2.333891205489635468e-02	-6.864642351865768433e-02	1.539024710655212402e-01	-1.591059565544128418e-01	1.535311341285705566e-01	-7.066177576780319214e-02	-2.908392548561096191e-01	-1.999262571334838867e-01	-5.394362658262252808e-02	-2.623892948031425476e-02	-1.438723178580403328e-03	8.416235446929931641e-02	1.685772836208343506e-02	1.546331346035003662e-01	9.459777176380157471e-02	1.809400469064712524e-01	-5.723645538091659546e-02	6.111713126301765442e-02	-9.395041316747665405e-02	2.889717463403940201e-03	-9.324439615011215210e-02	2.489413134753704071e-03	-1.619335412979125977e-01	-2.425939291715621948e-01	7.564255595207214355e-02	-8.434145897626876831e-02	-1.811194606125354767e-02	8.922003209590911865e-02	1.114652529358863831e-01	-1.627343147993087769e-01
6.453982740640640259e-02	-3.431098908185958862e-02	-1.404127925634384155e-01	3.713460266590118408e-02	-5.671622976660728455e-02	9.780002385377883911e-02	1.828883290290832520e-01	-8.529967814683914185e-02	-1.010031551122665405e-01	-1.643795222043991089e-01	-9.591364860534667969e-02	8.470363169908523560e-02	-6.182745844125747681e-02	1.860710382461547852e-01	1.831768751144409180e-01	-6.190734729170799255e-02	-2.362763136625289917e-01	1.172036118805408478e-02	1.227973401546478271e-01	1.009574346244335175e-02	-4.143851250410079956e-02	-4.237245768308639526e-02	-4.946853220462799072e-02	6.616849452257156372e-02	1.490551680326461792e-01	9.826011955738067627e-02	-5.588779598474502563e-02	2.245407784357666969e-03	2.735007405281066895e-01	1.810333281755447388e-01	-1.189415995031595230e-02	5.906216427683830261e-02	6.253572553396224976e-02	1.616502851247787476e-01	-1.536229997873306274e-02	-7.470901310443878174e-02	1.934144496917724609e-01	-2.091840505599975586e-01	1.128812134265899658e-01	2.728471532464027405e-02	-2.976221740245819092e-01	-1.651892662048339844e-01	-9.502843022346496582e-03	-4.611199721693992615e-02	-3.681334108114242554e-02	3.562243655323982239e-02	7.645278424024581909e-02	7.838030159473419189e-02	2.666860073804855347e-02	2.139628827571868896e-01	-1.928001269698143005e-02	7.455752044916152954e-02	-8.552130311727523804e-02	2.271032333374023438e-02	-8.508794754743576050e-02	1.318518221378326416e-01	-1.889623105525970459e-01	-3.056811690330505371e-01	2.449062420055270195e-03	-6.133588775992393494e-02	2.289490588009357452e-02	1.651665270328521729e-01	-4.137748107314109802e-02	-1.342111974954605103e-01
1.953041367232799530e-02	1.104864254593849182e-01	-8.681253343820571899e-02	-2.736736088991165161e-02	1.859758496284484863e-01	2.911216951906681061e-02	2.367138564586639404e-01	1.315033528953790665e-02	1.436915397644042969e-01	-2.466879785060882568e-01	-1.556060612201690674e-01	2.177771180868148804e-01	2.650793269276618958e-02	7.635118067264556885e-02	1.941882073879241943e-01	-4.100899398326873779e-02	2.486075013875961304e-01	-6.680353730916976929e-02	6.076421961188316345e-02	1.793433725833892822e-01	-8.910331875085830688e-02	-1.274565458297729492e-01	-7.502570748329162598e-02	-2.250279299914836884e-02	1.060938462615013123e-01	4.650402814149856567e-03	1.637713313102722168e-01	-1.503118574619293213e-01	1.377123594284057617e-01	-1.812553107738494873e-01	1.053931638598442078e-01	1.509810797870159149e-02	1.113273724913597107e-01	-3.957793861627578735e-02	4.637879319489002228e-03	-6.446103751659393311e-02	5.686526000499725342e-02	1.190202124416828156e-02	-4.634176567196846008e-02	-8.186519145965576172e-03	-1.512703746557235718e-01	-1.263548135757446289e-01	-1.349628902971744537e-02	-4.298142343759536743e-02	-6.627497076988220215e-02	-2.330834418535232544e-02	2.011150866746902466e-02	8.673796057701110840e-02	2.256755530834197998e-02	3.711649775505065918e-02	-2.874061465263366699e-02	-1.116131544113159180e-01	-2.242818027734756470e-01	2.970660850405693054e-02	-1.278251856565475464e-01	1.890520751476287842e-02	-7.177107781171798706e-02	-1.377067863941192627e-01	1.106832474470138550e-01	-9.983198717236518860e-03	-1.514068543910980225e-01	-1.710881292819976807e-01	2.214664220809936523e-01	-2.776054441928863525e-01
2.171856611967086792e-01	9.682539105415344238e-02	-8.529655635356903076e-02	-7.149017602205276489e-02	2.294758558273315430e-01	-5.210139602422714233e-02	2.968158423900604248e-01	-2.527858689427375793e-02	5.988689512014389038e-02	-5.505057796835899353e-02	-2.016354203224182129e-01	4.609998315572738647e-02	-4.022360965609550476e-02	6.671189516782760620e-02	-1.232479792088270187e-02	2.394057996571063995e-02	9.199226647615432739e-02	-2.712860107421875000e-01	-1.241235155612230301e-02	1.027719900012016296e-01	4.952195286750793457e-02	-5.886743962764739990e-02	1.395628042519092560e-02	1.306001991033554077e-01	9.954069554805755615e-02	-9.120351076126098633e-02	9.539404883980751038e-03	-3.936817124485969543e-02	1.828591674566268921e-01	-2.177453339099884033e-01	1.478383839130401611e-01	1.720056384801864624e-01	1.753153949975967407e-01	2.774319425225257874e-02	-4.345341119915246964e-03	-9.290815889835357666e-02	8.795929700136184692e-02	8.088842034339904785e-03	1.523975133895874023e-01	-5.011744424700737000e-02	-4.037920013070106506e-02	-1.137385070323944092e-01	-5.318878591060638428e-02	-1.401352882385253906e-01	8.764997124671936035e-02	-1.475623846054077148e-01	-4.565525799989700317e-02	1.524314880371093750e-01	1.122609823942184448e-01	-7.033210992813110352e-02	-9.458670765161514282e-02	-1.230566650629043579e-01	-1.213822662830352783e-01	-7.928920537233352661e-02	-7.705058157444000244e-02	3.819300234317779541e-02	-1.170240193605422974e-01	-1.529164016246795654e-01	1.733574569225311279e-01	-5.757335945963859558e-02	-1.594849675893783569e-01	-1.088298112154006958e-01	2.486479282379150391e-01	-4.466458410024642944e-02
9.793856739997863770e-02	3.783356398344039917e-02	-7.151337713003158569e-02	1.865972019731998444e-02	1.119490638375282288e-01	2.525916695594787598e-02	2.442659288644790649e-01	-1.379194259643554688e-01	-6.663255393505096436e-02	-2.874409258365631104e-01	1.670545786619186401e-01	-8.244652301073074341e-02	3.927847743034362793e-02	-2.976345643401145935e-02	1.283862628042697906e-03	-2.280418574810028076e-02	-9.487085044384002686e-02	-1.305627375841140747e-01	9.080068767070770264e-02	2.202199995517730713e-01	-6.499714404344558716e-02	-6.716324016451835632e-03	3.112806007266044617e-02	4.073819145560264587e-02	5.176651477813720703e-02	8.240924030542373657e-02	-5.515242367982864380e-02	-5.898811295628547668e-02	1.950220465660095215e-01	-2.585793733596801758e-01	1.159319654107093811e-01	9.645651280879974365e-02	2.047192752361297607e-01	5.603612959384918213e-02	-2.021157294511795044e-01	3.714547306299209595e-02	1.352162510156631470e-01	-8.782298862934112549e-02	1.732120215892791748e-01	-1.993002369999885559e-02	-9.839962422847747803e-02	-6.588168442249298096e-03	-8.570813387632369995e-02	-1.344187408685684204e-01	-4.758853837847709656e-02	5.720598250627517700e-02	4.149042069911956787e-02	1.039147675037384033e-01	5.812318529933691025e-03	3.819277882575988770e-02	-1.546138525009155273e-01	5.757175013422966003e-02	-8.204780519008636475e-02	2.006958797574043274e-02	-2.499004602432250977e-01	1.998856663703918457e-02	-2.015677094459533691e-01	-1.870736479759216309e-01	-9.450879693031311035e-02	-1.336378753185272217e-01	-3.718747943639755249e-02	-1.777888983488082886e-01	6.872959434986114502e-02	-7.690336555242538452e-02
8.216710388660430908e-02	8.521265536546707153e-02	-1.093374043703079224e-01	9.347744286060333252e-03	7.301073987036943436e-03	1.174340918660163879e-01	2.638156712055206299e-01	-5.335292592644691467e-02	9.612821787595748901e-02	-2.596301138401031494e-01	-5.018624663352966309e-02	1.673703193664550781e-01	-9.961266070604324341e-02	1.903857290744781494e-01	1.526720076799392700e-01	-1.886933147907257080e-01	9.903254359960556030e-02	-1.291771829128265381e-01	5.914313346147537231e-02	2.220360338687896729e-01	-7.094208151102066040e-02	-1.042215153574943542e-01	-3.390763327479362488e-02	9.070691466331481934e-02	1.673028171062469482e-01	9.733985364437103271e-02	2.239489182829856873e-02	-6.395667791366577148e-02	2.916079759597778320e-01	-6.779402494430541992e-02	1.053010597825050354e-01	1.438585761934518814e-02	1.874250173568725586e-01	7.347215712070465088e-02	-8.897277712821960449e-02	-3.236942738294601440e-02	1.069179475307464600e-01	-7.534773647785186768e-02	5.610018596053123474e-02	-4.383095726370811462e-02	-1.995639055967330933e-01	3.059520386159420013e-02	-1.035189814865589142e-02	2.023708075284957886e-03	-1.688688695430755615e-01	6.544147431850433350e-02	1.839030161499977112e-02	1.358646601438522339e-01	4.815865308046340942e-02	1.383744478225708008e-01	-3.458282351493835449e-02	7.039885967969894409e-02	-1.631229221820831299e-01	7.225032895803451538e-02	-2.103778272867202759e-01	-1.570539735257625580e-02	-1.124334484338760376e-01	-2.475232481956481934e-01	1.392638385295867920e-01	-4.542021825909614563e-02	-9.486825764179229736e-02	2.105912938714027405e-02	8.456956595182418823e-02	-1.097794473171234131e-01
3.913845866918563843e-02	-3.097491338849067688e-03	-1.358642727136611938e-01	1.210032775998115540e-01	3.803315758705139160e-02	-1.012945920228958130e-01	2.122035175561904907e-01	-1.407351195812225342e-01	-1.431672126054763794e-01	-3.077628314495086670e-01	9.662046283483505249e-02	-2.118046581745147705e-02	-5.942792445421218872e-02	1.156571656465530396e-01	3.091240674257278442e-02	1.094139218330383301e-01	-2.264849245548248291e-01	8.362811058759689331e-04	1.903785765171051025e-01	3.997863829135894775e-02	-1.222114264965057373e-01	1.047753766179084778e-01	5.104555934667587280e-02	2.032839208841323853e-01	1.105189323425292969e-01	8.171172440052032471e-02	-7.080157101154327393e-02	8.084908127784729004e-02	1.552998125553131104e-01	-4.896280914545059204e-02	8.928872644901275635e-02	1.096632182598114014e-01	1.448258310556411743e-01	4.251186549663543701e-02	-6.133276969194412231e-02	1.062983721494674683e-01	1.986589133739471436e-01	-1.022324860095977783e-01	1.142173707485198975e-01	-4.833788145333528519e-03	-2.279216945171356201e-01	-1.875660121440887451e-01	-5.639529228210449219e-02	-1.048954576253890991e-01	-2.927048131823539734e-02	3.895323723554611206e-03	9.929420799016952515e-02	1.239768713712692261e-01	5.438373237848281860e-02	7.287313044071197510e-02	-5.038686841726303101e-02	3.088292106986045837e-02	-1.378251910209655762e-01	8.472153544425964355e-02	-1.579213738441467285e-01	5.437697470188140869e-02	-1.684328615665435791e-01	-1.596383750438690186e-01	-2.029276490211486816e-01	3.636446595191955566e-02	6.229311972856521606e-02	-1.857449710369110107e-01	-1.844988763332366943e-02	-1.470576822757720947e-01
1.986495852470397949e-01	-2.245114743709564209e-02	-1.537219285964965820e-01	2.192080616950988770e-01	7.679024338722229004e-02	2.373230457305908203e-02	2.630941867828369141e-01	-1.222822442650794983e-02	-6.038118153810501099e-02	-1.218477115035057068e-01	-5.243297293782234192e-02	6.932152062654495239e-02	-3.392764925956726074e-02	1.330370455980300903e-01	9.799942374229431152e-02	5.901029333472251892e-02	-1.299202144145965576e-01	-1.943718194961547852e-01	9.765688329935073853e-02	7.224705070257186890e-02	-3.947611153125762939e-02	-2.656973153352737427e-02	-4.844411835074424744e-02	2.178696990013122559e-01	1.634565889835357666e-01	1.596029996871948242e-01	1.641227453947067261e-01	-8.502330631017684937e-02	3.127674758434295654e-01	6.820126622915267944e-02	1.906446516513824463e-01	1.268347799777984619e-01	1.455464214086532593e-01	2.220995165407657623e-02	1.047133002430200577e-03	-3.242832049727439880e-02	9.396576881408691406e-02	-1.147622913122177124e-01	1.746976375579833984e-01	-2.431070432066917419e-02	-2.164865732192993164e-01	-2.016884684562683105e-01	-4.511297494173049927e-02	-1.059456169605255127e-01	8.432300388813018799e-02	4.631182923913002014e-02	1.404058653861284256e-02	1.015528067946434021e-01	7.949715852737426758e-02	-2.340406365692615509e-02	-8.384720981121063232e-02	1.196494847536087036e-01	-5.082097649574279785e-02	8.130057901144027710e-02	-1.143109947443008423e-01	2.063782513141632080e-02	-1.495531797409057617e-01	-2.061515152454376221e-01	7.259815931320190430e-03	-9.544081985950469971e-02	-8.624938130378723145e-02	-2.867251634597778320e-02	4.398410394787788391e-02	-1.047469526529312134e-01
8.392550796270370483e-02	3.065747581422328949e-02	-7.297395169734954834e-02	-1.381166977807879448e-03	1.732926070690155029e-02	-4.473173059523105621e-03	2.596699893474578857e-01	-9.331706166267395020e-02	5.440867692232131958e-02	-2.981090545654296875e-01	1.050209179520606995e-01	1.387437283992767334e-01	-1.339820772409439087e-01	1.327888965606689453e-01	1.252706497907638550e-01	-1.355862021446228027e-01	1.458758860826492310e-02	-9.200209379196166992e-02	1.127763241529464722e-01	1.973007023334503174e-01	-9.215557575225830078e-02	-4.612650722265243530e-02	3.952309489250183105e-02	5.523764714598655701e-02	1.923327445983886719e-01	1.026770099997520447e-01	1.011605188250541687e-02	-5.310205370187759399e-02	2.637961506843566895e-01	-1.272853910923004150e-01	1.056531593203544617e-01	3.065432608127593994e-02	1.822300851345062256e-01	1.349659264087677002e-01	-6.866434216499328613e-02	-3.746729344129562378e-02	1.736030280590057373e-01	-9.527344256639480591e-02	9.640455245971679688e-02	-1.488952524960041046e-02	-1.753254234790802002e-01	-1.359385624527931213e-02	5.732526769861578941e-04	-2.339485101401805878e-02	-1.263312399387359619e-01	9.177643060684204102e-02	9.724681079387664795e-02	1.172882169485092163e-01	8.398673683404922485e-02	1.274848878383636475e-01	-9.391376376152038574e-02	8.205611258745193481e-02	-1.583371758460998535e-01	5.447757244110107422e-02	-3.062872886657714844e-01	-4.902990534901618958e-02	-1.671590507030487061e-01	-1.887090504169464111e-01	-4.069031029939651489e-02	1.422703731805086136e-02	-5.312032625079154968e-02	-1.552143506705760956e-02	6.354188174009323120e-02	-1.652060449123382568e-01
1.300339028239250183e-02	-2.415482886135578156e-02	-7.252416014671325684e-02	-2.072641626000404358e-02	-1.034483313560485840e-02	-2.955861389636993408e-02	1.909488886594772339e-01	-5.327481403946876526e-02	3.868338465690612793e-02	-2.125876247882843018e-01	1.985765844583511353e-01	9.917142987251281738e-02	-1.374628692865371704e-01	2.244220674037933350e-01	2.661740183830261230e-01	-1.475471854209899902e-01	-1.555628329515457153e-01	3.907718509435653687e-02	2.157175391912460327e-01	-2.891050651669502258e-02	-1.824186369776725769e-02	5.427114199846982956e-03	3.948191925883293152e-02	1.045547574758529663e-01	1.654292345046997070e-01	8.888056874275207520e-02	-1.374098211526870728e-01	-2.217910997569561005e-02	2.062481492757797241e-01	9.282171726226806641e-02	9.974348545074462891e-02	3.512679412961006165e-02	1.266783624887466431e-01	1.366962045431137085e-01	-7.373568415641784668e-02	-3.650911152362823486e-02	1.756393164396286011e-01	-7.088713347911834717e-02	6.607361882925033569e-02	1.074789911508560181e-01	-2.476530373096466064e-01	-6.430246680974960327e-02	1.381917018443346024e-02	3.466804325580596924e-02	-1.243244558572769165e-01	7.606466114521026611e-02	8.461073040962219238e-02	1.790366619825363159e-01	1.545215398073196411e-01	2.470579445362091064e-01	4.629047960042953491e-02	8.140289038419723511e-02	-1.078619062900543213e-01	1.056809127330780029e-01	-1.952652335166931152e-01	-4.455380886793136597e-02	-7.579862326383590698e-02	-1.800329089164733887e-01	-9.804688394069671631e-02	5.484743416309356689e-02	1.691474393010139465e-02	8.732658624649047852e-02	-8.126267045736312866e-02	-1.016945019364356995e-01
-2.971827983856201172e-03	6.097175180912017822e-02	-6.542987376451492310e-02	-5.674094706773757935e-02	1.527647227048873901e-01	7.259439677000045776e-02	7.154967635869979858e-02	1.418231874704360962e-01	-3.033221885561943054e-02	-1.198185309767723083e-01	-9.919335693120956421e-02	6.454250961542129517e-02	-8.258122950792312622e-02	-4.623621702194213867e-03	2.056496441364288330e-01	2.688755281269550323e-02	1.118492335081100464e-01	4.094534739851951599e-02	-8.728147298097610474e-02	1.890534162521362305e-01	-3.335697203874588013e-02	-1.073370277881622314e-01	-5.002859234809875488e-02	1.350553780794143677e-01	-6.964245811104774475e-03	7.660206407308578491e-02	5.674376338720321655e-02	-1.617183238267898560e-01	2.281781286001205444e-01	7.098557054996490479e-02	9.664657711982727051e-02	4.077168181538581848e-02	7.483538240194320679e-02	7.433813065290451050e-02	1.346377097070217133e-02	1.851138845086097717e-02	2.093714848160743713e-02	-3.634292259812355042e-02	1.071244031190872192e-01	-1.376065239310264587e-02	-1.233085244894027710e-01	-1.000227332115173340e-01	8.364740014076232910e-02	-2.257639318704605103e-01	-1.165149509906768799e-01	2.062743715941905975e-02	-2.268380858004093170e-02	7.745831459760665894e-02	2.366651445627212524e-01	-2.383571863174438477e-02	-1.326104253530502319e-01	-1.420578174293041229e-02	-2.133943140506744385e-01	-3.382900729775428772e-02	-8.493710309267044067e-02	1.541301161050796509e-01	-1.226643025875091553e-01	-2.512858808040618896e-01	1.676280796527862549e-01	-1.313436180353164673e-01	-2.547959387302398682e-01	-6.747409701347351074e-02	2.056484669446945190e-01	-2.314026504755020142e-01
7.257336378097534180e-02	-5.957174673676490784e-02	-2.520958483219146729e-01	1.603356562554836273e-02	1.111423820257186890e-01	4.901183769106864929e-02	1.159088388085365295e-01	-1.095293648540973663e-02	-1.542419195175170898e-01	-2.040336653590202332e-02	-1.669917255640029907e-01	2.679328620433807373e-02	-5.231498181819915771e-02	2.178991027176380157e-02	1.433627009391784668e-01	8.480772376060485840e-02	6.850951164960861206e-02	-4.290531575679779053e-02	-1.462101340293884277e-01	8.316630125045776367e-02	-5.850223451852798462e-02	-4.703447967767715454e-02	-2.955675870180130005e-02	2.119874060153961182e-01	8.708210662007331848e-03	1.679509133100509644e-02	1.798291355371475220e-01	-9.281512349843978882e-02	2.064507305622100830e-01	-2.754961885511875153e-02	7.533368468284606934e-02	1.123704016208648682e-01	1.559029072523117065e-01	3.171757608652114868e-02	1.729747653007507324e-02	1.669357120990753174e-01	-6.051717698574066162e-02	-9.878951311111450195e-02	1.703509539365768433e-01	-6.298496574163436890e-02	-2.017610222101211548e-01	-2.417915463447570801e-01	9.236346185207366943e-02	-1.598402857780456543e-01	1.800442347303032875e-03	2.909654192626476288e-02	-1.382559817284345627e-02	-6.017478927969932556e-02	1.995806396007537842e-01	-4.310264065861701965e-02	-7.634742558002471924e-02	1.013587564229965210e-01	-3.832028433680534363e-02	2.606740593910217285e-02	-8.145599067211151123e-02	1.219236180186271667e-01	-1.957410275936126709e-01	-2.868414521217346191e-01	2.483051121234893799e-01	-2.519875206053256989e-02	-1.180617138743400574e-01	-7.071584463119506836e-02	1.527442634105682373e-01	-9.175519645214080811e-02
-2.098928950726985931e-02	-1.782228611409664154e-02	-1.322111934423446655e-01	4.423147067427635193e-02	-9.975793957710266113e-02	-4.505871608853340149e-02	7.321423292160034180e-02	-1.413065493106842041e-01	-8.672513812780380249e-02	-6.488499045372009277e-02	1.219335347414016724e-01	1.507987231016159058e-01	2.170592732727527618e-02	-1.808865368366241455e-02	1.627387255430221558e-01	-1.177435070276260376e-01	8.660653978586196899e-02	1.430822312831878662e-01	2.393895685672760010e-01	1.264069676399230957e-01	4.896919429302215576e-02	-1.900452822446823120e-01	3.460628166794776917e-02	-1.215299218893051147e-01	-8.110069483518600464e-02	-1.034222543239593506e-01	-2.443762421607971191e-01	5.036284029483795166e-02	8.505057543516159058e-02	9.842329658567905426e-03	-1.173816174268722534e-01	-7.087582349777221680e-02	6.506288796663284302e-02	1.044159233570098877e-01	-2.169039249420166016e-01	-1.193569153547286987e-01	2.786556780338287354e-01	7.939498871564865112e-03	-5.229407921433448792e-02	1.493812501430511475e-01	-3.532834723591804504e-02	2.624827325344085693e-01	6.783677637577056885e-02	-3.032053709030151367e-01	-1.031015887856483459e-01	-6.227678060531616211e-02	-5.963186919689178467e-02	5.786094348877668381e-03	3.469011280685663223e-03	-4.861063323915004730e-03	1.291536986827850342e-01	-3.625441715121269226e-02	-8.647930622100830078e-02	-1.178410947322845459e-01	-8.012452721595764160e-02	1.656403988599777222e-01	-8.825045078992843628e-02	-5.253201350569725037e-02	-1.108879297971725464e-01	4.533322155475616455e-02	-2.205995023250579834e-01	-1.031628921627998352e-01	-4.160178452730178833e-02	-3.154346719384193420e-02
5.018293112516403198e-02	3.975354507565498352e-02	-1.309027373790740967e-01	1.906467415392398834e-02	2.827274985611438751e-02	-6.519846618175506592e-02	1.670438051223754883e-01	1.295785419642925262e-02	9.877492487430572510e-02	-3.762023523449897766e-03	-1.452953964471817017e-01	1.807823926210403442e-01	1.769947558641433716e-01	3.051909245550632477e-02	-2.632344514131546021e-02	-6.477895379066467285e-02	2.187728285789489746e-01	5.726491659879684448e-02	4.393568634986877441e-02	-7.132287137210369110e-03	1.364821940660476685e-02	1.572150923311710358e-02	-1.195021569728851318e-01	8.894018828868865967e-02	3.515601158142089844e-02	-9.758830070495605469e-02	5.961607024073600769e-02	-9.636923670768737793e-02	1.402868330478668213e-01	-2.435638308525085449e-01	6.527388840913772583e-02	-6.828708574175834656e-03	8.599020540714263916e-02	-1.120937764644622803e-01	1.091929078102111816e-01	-3.305274061858654022e-03	3.741609863936901093e-03	3.019378148019313812e-02	-1.281196251511573792e-02	2.991558238863945007e-02	-2.684835493564605713e-01	-2.796661257743835449e-01	7.356037944555282593e-02	-4.779108986258506775e-02	-7.237741723656654358e-03	-2.464399337768554688e-01	-8.838600665330886841e-02	1.065273284912109375e-01	-1.108889654278755188e-01	5.598466098308563232e-02	9.134593605995178223e-02	-1.351239681243896484e-01	-6.917140632867813110e-02	-7.746509462594985962e-02	-8.773608505725860596e-02	-7.424324005842208862e-02	-2.710540592670440674e-02	-1.504583954811096191e-01	1.958053708076477051e-01	4.956459999084472656e-02	-1.202439516782760620e-01	-8.549110591411590576e-02	2.619995474815368652e-01	-2.465077936649322510e-01
-3.988511487841606140e-02	5.117547512054443359e-02	-9.738950431346893311e-02	-6.421682238578796387e-02	1.586388647556304932e-01	-5.126632750034332275e-02	8.391998708248138428e-02	-1.580256670713424683e-01	1.282632797956466675e-01	-2.735183238983154297e-01	-1.039656400680541992e-01	1.568140089511871338e-01	1.951462775468826294e-02	9.328383207321166992e-02	3.370738625526428223e-01	-7.657566666603088379e-02	1.510581523180007935e-01	1.045333370566368103e-01	1.741427481174468994e-01	2.124172169715166092e-03	-3.033180534839630127e-02	-1.389135867357254028e-01	-8.519321680068969727e-02	2.758738026022911072e-02	3.672017157077789307e-02	1.479368098080158234e-02	4.937861114740371704e-03	-1.089509204030036926e-01	1.485759913921356201e-01	-8.694986253976821899e-02	7.037657499313354492e-02	-7.956770062446594238e-02	1.369235217571258545e-01	-2.580118365585803986e-02	-8.956958353519439697e-02	-4.529711976647377014e-02	1.079358160495758057e-01	2.569590322673320770e-02	2.137050405144691467e-02	1.320948153734207153e-01	-2.302289605140686035e-01	-8.902614563703536987e-02	7.783581316471099854e-02	-1.081543192267417908e-01	-5.419176071882247925e-02	-1.048454269766807556e-01	2.140233665704727173e-02	1.532207131385803223e-01	1.405475437641143799e-01	9.657101333141326904e-02	1.242998838424682617e-01	-1.515793651342391968e-01	-1.598616689443588257e-01	8.443905413150787354e-02	-4.273184388875961304e-02	1.072310954332351685e-01	1.689048670232295990e-02	-1.375830918550491333e-01	8.834861218929290771e-02	8.020466566085815430e-02	-1.026808768510818481e-01	-1.260533928871154785e-01	1.715003848075866699e-01	-2.410987168550491333e-01
2.275384776294231415e-02	-1.126293838024139404e-01	-8.391603827476501465e-02	-6.351338326930999756e-02	1.939703673124313354e-01	-8.431200683116912842e-02	3.106035664677619934e-02	-1.008856594562530518e-01	-4.492359980940818787e-02	-5.156403779983520508e-02	7.146953791379928589e-02	2.581329084932804108e-02	1.222378611564636230e-01	-2.249475568532943726e-01	-9.035134315490722656e-02	1.511194407939910889e-01	1.704647541046142578e-01	1.227904390543699265e-02	1.137416884303092957e-01	9.369984269142150879e-02	-5.325573496520519257e-03	-8.329880237579345703e-02	-9.166005998849868774e-03	4.105633497238159180e-02	-1.804768592119216919e-01	-5.947903171181678772e-02	-3.079810366034507751e-02	-1.413857638835906982e-01	-8.841741085052490234e-02	-2.015261501073837280e-01	1.519570797681808472e-01	1.864579506218433380e-02	1.691261678934097290e-01	-1.136731952428817749e-01	-9.376310557126998901e-02	1.383058428764343262e-01	7.111053168773651123e-02	8.466222882270812988e-02	1.022676751017570496e-01	1.061561480164527893e-01	5.466802977025508881e-04	-3.365925699472427368e-02	-7.882308959960937500e-02	-2.270506322383880615e-01	1.032471098005771637e-02	-1.179902255535125732e-01	-9.053924679756164551e-02	-3.188870847225189209e-02	1.035099923610687256e-01	-6.450350582599639893e-02	-5.235908925533294678e-02	-1.586269587278366089e-01	-1.567082107067108154e-01	-3.693071752786636353e-02	-7.732996344566345215e-02	3.065073117613792419e-02	-1.396915465593338013e-01	1.201836206018924713e-02	-5.012506991624832153e-02	-8.031340315937995911e-03	-1.590981036424636841e-01	-4.500026404857635498e-01	1.049064993858337402e-01	-1.855048090219497681e-01
